Temperature(°C),Rented Bike Count
27.2,1728
32.6,822
34.0,658
16.9,2716
6.4,1083
28.0,636
31.3,1537
2.1,712
26.7,425
16.6,594
17.8,24
24.2,211
3.9,242
34.8,960
24.2,1308
28.3,933
20.3,655
2.1,259
18.2,1183
19.4,0
12.7,630
33.2,1358
22.2,1307
-5.5,146
-1.3,103
19.0,2495
32.5,2797
1.3,292
29.4,995
2.6,349
25.3,908
-2.6,217
21.1,301
20.8,1071
-0.8,937
14.1,871
3.1,17
4.4,209
3.7,298
-7.7,182
29.3,3365
21.0,956
9.5,264
0.6,232
29.5,501
25.5,2392
8.1,149
5.2,165
7.1,682
7.6,565
23.5,972
21.5,338
-3.7,150
28.8,842
30.9,1888
10.4,1076
11.6,1215
20.4,40
27.5,1158
19.0,1647
5.1,345
0.8,387
14.6,589
-4.2,62
-4.6,150
9.9,1445
15.7,848
7.8,574
16.9,1393
12.2,796
24.1,1591
2.6,682
-1.6,237
-4.6,178
-1.2,281
4.0,447
-10.7,80
20.8,185
36.6,605
30.0,1524
28.5,1951
29.8,1039
7.9,2113
0.4,63
30.8,2162
22.5,142
-0.3,283
17.5,376
23.4,698
8.9,1054
8.3,0
18.1,647
5.6,330
19.6,978
21.6,426
27.6,614
7.8,806
3.0,447
20.5,84
6.7,97
-5.5,176
12.6,441
24.5,611
2.7,443
0.3,13
20.7,240
29.3,1708
-5.8,248
16.3,106
9.5,1146
17.5,643
2.9,332
20.8,915
-4.8,316
31.7,808
23.9,846
-1.2,646
14.0,972
1.5,145
16.6,2857
0.9,259
11.2,740
22.7,915
15.8,25
13.9,12
-1.4,148
7.3,943
15.1,146
24.9,2163
18.9,1190
-4.4,149
-11.0,108
27.5,837
-10.3,183
23.9,1287
5.6,102
-3.7,174
2.3,373
-4.6,221
11.1,603
20.9,1167
21.3,1223
10.8,429
22.9,1357
9.7,257
-5.1,170
29.3,1665
22.4,225
0.9,101
2.5,195
24.4,578
27.8,1213
17.9,764
-8.1,72
4.9,38
4.2,360
13.2,0
23.5,1664
23.4,2235
5.1,644
25.2,1252
7.5,1904
13.8,83
26.9,484
32.8,925
-0.5,9
21.1,9
22.9,0
0.3,211
24.2,512
14.4,362
24.2,1179
-5.2,122
16.2,1185
24.8,1942
1.3,233
30.5,526
24.6,672
31.6,2628
14.7,205
-6.4,145
15.5,767
22.3,233
22.6,896
9.3,672
-1.8,244
4.6,409
-2.2,270
3.5,410
16.0,768
21.1,1881
23.8,656
0.9,253
0.5,121
9.9,115
21.7,1117
21.9,113
22.8,975
1.0,329
6.0,606
5.4,196
-15.3,105
-3.7,431
7.6,1023
-5.3,178
11.0,671
15.7,326
16.7,227
27.8,976
7.1,244
27.1,903
9.8,751
8.8,518
19.3,1583
7.0,1027
5.4,235
16.4,1158
33.2,1412
2.9,38
25.3,1990
27.8,2290
20.0,1703
-9.4,305
17.6,1015
22.9,64
6.0,697
2.0,1524
20.2,68
6.9,134
13.6,1160
31.0,1847
-9.7,181
30.0,1868
24.6,303
-6.2,81
8.4,444
15.1,899
7.6,75
-1.3,323
11.9,0
13.2,0
14.9,141
-2.5,182
13.5,485
17.9,208
19.5,1121
-11.1,152
26.2,716
2.8,148
23.2,0
13.7,1416
35.9,713
16.5,629
7.5,669
-5.0,224
-4.6,397
21.7,73
23.6,3251
11.7,922
16.1,971
1.6,28
24.9,832
24.6,211
4.1,301
15.5,0
25.5,2615
-2.9,328
4.5,514
2.4,232
9.5,1708
13.4,991
-10.4,352
6.6,484
-6.4,42
-1.5,107
32.9,2084
24.8,1422
0.8,298
1.1,43
-0.2,375
-2.2,47
12.6,556
2.5,267
9.7,157
22.7,2236
26.6,1230
23.9,84
3.5,223
8.9,1244
1.5,83
0.7,62
3.8,85
24.6,1330
25.3,286
-7.5,156
19.4,1585
27.0,717
-16.0,32
16.8,1502
19.1,1360
20.1,1642
31.2,639
-3.7,192
18.5,591
26.4,1197
28.0,791
23.5,1455
31.0,584
11.7,1018
24.6,278
1.9,252
-9.8,62
0.8,555
19.8,1198
23.8,1053
15.2,358
4.7,436
9.1,429
22.9,2072
16.6,958
10.1,68
-7.5,103
12.5,753
-12.7,438
7.9,185
15.7,741
23.4,19
9.6,1702
4.3,341
26.8,587
0.4,272
18.6,290
24.6,2045
33.1,1394
20.3,1680
23.3,56
-9.5,116
29.1,853
26.9,1797
24.7,381
3.8,276
23.5,1613
3.9,128
24.6,2431
16.7,960
17.1,193
8.8,0
7.2,380
-3.0,112
2.9,422
6.9,1100
6.2,419
17.9,1209
4.2,212
5.7,816
8.9,150
15.8,75
12.9,1804
7.7,610
15.3,542
14.8,188
-10.4,160
29.5,644
9.1,720
30.8,803
20.7,384
11.9,221
3.1,604
-2.7,195
-0.2,464
12.6,1380
-9.4,168
8.8,1221
15.6,1714
-4.5,278
-2.4,500
-1.8,215
23.6,1315
9.2,210
22.2,2044
25.6,1543
6.0,522
2.0,92
20.5,1448
21.9,1438
26.0,2368
4.3,578
-11.3,128
12.3,947
6.2,846
10.1,387
1.1,102
-6.3,216
21.6,531
28.4,162
5.1,739
16.6,352
4.4,232
29.9,1235
21.6,1814
-6.9,166
10.9,425
-5.5,195
16.7,0
22.7,1959
5.6,106
-0.3,206
11.8,0
24.8,292
-5.6,86
25.9,411
4.9,496
20.1,403
10.3,284
19.0,0
3.4,100
24.1,403
10.0,865
28.2,231
3.3,50
22.4,1674
6.0,1047
11.0,1292
3.2,764
3.5,537
17.5,206
18.5,1487
17.1,0
14.4,151
17.2,880
30.4,2598
15.3,1280
6.8,545
16.1,0
16.9,1085
-2.9,290
10.4,365
3.6,226
28.4,428
-6.9,112
-5.9,171
18.9,1529
18.6,807
-9.7,92
17.3,2632
24.3,1119
33.3,639
-2.0,109
15.4,410
20.3,1608
22.2,1807
2.5,796
28.3,340
28.0,916
11.5,600
26.2,3309
5.7,73
0.0,600
-2.0,334
29.4,1575
15.1,255
24.0,1055
3.5,210
20.6,47
-10.9,279
10.8,0
34.1,794
20.0,383
19.9,369
25.7,1216
2.9,299
4.2,80
27.6,1674
5.4,353
13.8,1997
18.8,47
7.0,532
3.9,318
28.0,647
2.5,88
21.9,967
21.1,1047
-3.7,230
6.6,752
18.6,1664
-4.4,103
12.1,1209
-8.3,56
21.9,968
9.9,167
-11.2,39
18.3,782
-15.9,78
-7.6,930
6.3,475
-6.9,62
32.0,600
7.7,306
-4.4,131
25.0,1869
32.9,813
20.4,1604
6.0,270
-0.2,76
9.2,146
26.9,1087
-4.4,140
-3.2,257
23.3,1710
22.7,1253
-4.7,258
2.4,10
13.3,1281
11.5,562
22.7,0
7.6,458
28.7,726
17.0,264
32.4,636
25.3,808
11.1,916
2.9,433
-11.8,106
30.5,1006
20.5,202
-2.4,129
19.7,1248
26.8,230
19.7,1761
10.7,264
3.9,256
9.9,616
28.8,2202
24.7,886
22.6,1824
17.7,2065
1.4,358
11.0,145
-3.6,273
2.5,653
-6.6,401
22.1,9
-6.7,239
0.1,170
-10.9,79
4.8,842
19.9,1543
23.2,1059
10.5,187
2.8,196
25.1,555
22.1,133
13.3,0
28.4,2383
-3.9,174
12.6,422
33.6,651
36.7,763
19.6,1185
35.2,2087
27.1,1517
-14.9,196
28.7,1893
28.1,3113
3.7,300
9.2,776
25.4,2337
11.8,1256
-5.2,147
12.5,666
-7.6,392
24.1,3556
23.6,568
0.6,213
-1.3,168
19.3,1137
17.2,258
17.0,656
-1.0,583
7.6,75
26.6,1635
33.6,632
0.3,390
19.7,1493
-4.9,138
1.5,226
-6.4,190
23.6,2013
7.3,663
6.7,955
20.0,1095
12.3,0
21.0,1333
-2.9,79
20.7,40
17.9,1413
21.9,18
-7.3,172
16.7,440
34.5,668
19.8,1491
7.8,761
-8.5,270
-3.5,612
3.1,297
18.5,692
22.0,367
26.3,2256
24.3,2189
20.0,761
14.2,1512
19.3,1937
-7.0,95
11.0,772
27.8,968
27.9,1591
3.9,208
15.1,1462
24.3,1641
16.3,1049
20.2,483
13.3,847
-7.5,34
12.7,1420
11.5,1271
15.9,810
0.1,159
21.9,470
11.3,0
23.9,57
7.6,925
16.6,6
20.3,918
5.7,309
1.1,265
21.8,338
30.6,639
-5.7,14
22.4,723
3.9,1548
7.0,325
-1.5,127
1.5,238
19.2,786
21.5,1550
-0.3,319
24.6,782
17.6,1150
6.4,752
-14.3,106
15.9,923
28.0,2451
22.6,224
8.0,689
17.7,342
19.7,1030
33.9,620
15.2,289
8.5,9
23.3,392
12.7,0
1.6,243
24.1,2033
1.8,30
28.2,1155
28.5,691
12.8,744
-2.6,49
-6.0,653
28.3,492
21.5,320
-8.2,136
27.2,982
-10.7,174
3.3,664
-1.3,195
12.2,689
-5.5,127
5.3,120
2.7,272
2.5,1055
29.8,678
6.7,692
-5.8,149
24.8,1525
27.4,2266
17.2,609
5.1,906
30.6,1073
28.2,332
-0.5,172
23.7,1665
-7.2,173
28.9,1070
-6.7,47
19.3,0
-8.8,67
-11.8,203
5.3,132
6.7,178
11.7,1320
16.5,203
5.3,910
19.4,1064
-15.3,33
13.2,685
19.4,714
33.9,784
6.4,714
18.0,2635
-1.1,86
-0.2,280
22.9,122
-2.7,161
-16.4,349
21.3,785
34.3,670
7.7,258
11.1,1033
0.6,135
17.0,275
25.2,545
16.8,1551
36.3,920
16.8,1318
5.5,0
21.2,49
14.3,345
22.0,610
14.4,768
27.4,805
24.3,74
35.6,826
3.3,228
21.5,2322
20.8,104
-4.3,38
15.8,30
30.1,803
23.0,953
-5.3,32
-0.3,173
19.0,1117
1.8,388
28.4,1374
24.6,835
-12.8,70
20.8,1148
21.5,1601
19.0,1290
24.2,1103
6.3,494
8.4,488
-7.4,82
3.3,407
25.0,1730
23.5,1202
3.6,374
12.1,1498
31.9,878
4.3,535
15.5,10
2.8,308
12.0,994
10.4,849
18.9,1272
-8.8,172
-16.9,36
9.3,42
14.0,221
24.4,1193
1.9,206
12.1,851
21.5,0
8.1,931
28.5,3088
17.6,890
9.6,1069
1.9,128
-0.7,153
3.1,320
-1.3,158
-2.4,239
-10.0,91
28.9,1046
15.7,1664
22.6,768
20.6,136
18.6,673
30.4,649
6.8,457
-15.3,36
24.0,703
-9.5,109
-2.1,155
-2.0,355
22.3,725
33.9,2405
20.8,103
24.6,240
-1.6,325
18.5,1731
5.1,1113
24.0,2146
9.8,108
13.7,761
14.6,152
27.6,1693
33.4,1423
-1.5,509
13.3,0
1.0,144
22.5,585
20.8,1234
10.1,520
6.3,398
17.2,30
23.9,2024
15.0,482
11.3,34
-7.0,169
26.0,861
-12.3,217
22.7,149
23.1,1124
15.3,928
-8.2,142
-2.6,304
22.2,1240
23.6,1669
2.8,289
0.6,85
-3.2,253
24.4,1051
-0.1,125
-4.9,309
28.6,1231
8.0,46
0.3,233
25.1,1047
27.8,1200
26.9,1292
14.7,731
17.5,994
10.8,0
10.2,0
23.2,1107
8.1,31
4.3,356
23.4,1330
18.2,1095
20.3,19
10.9,0
4.2,370
20.9,789
6.7,402
28.7,1134
26.7,1178
-12.4,162
22.8,2278
4.5,88
-3.7,133
29.4,903
23.4,1686
-7.3,39
28.3,1276
5.5,619
25.0,1717
23.5,1571
10.0,751
20.0,0
8.8,586
14.4,0
17.9,1108
3.6,310
-5.3,71
21.0,417
-15.0,89
19.5,100
-15.1,94
25.7,208
-2.5,244
-4.6,207
-11.6,54
28.1,2101
-7.1,80
15.1,212
29.7,672
17.0,1839
5.3,282
28.3,284
-10.5,90
13.3,204
2.0,460
11.9,834
-0.2,238
22.9,102
19.4,304
15.9,1641
26.9,708
26.6,215
14.3,646
5.0,59
-0.5,236
29.4,992
17.3,1113
-0.5,214
6.7,545
3.0,22
4.9,357
24.8,2153
16.1,587
20.1,792
0.1,682
-2.1,727
-2.6,227
21.6,1442
12.7,855
6.5,652
19.1,1711
18.9,2134
28.0,1657
25.0,1237
15.0,207
19.8,0
34.1,977
-0.5,225
-13.8,83
3.0,440
8.0,46
21.7,2207
14.8,185
22.2,1820
10.6,148
-5.9,61
-6.1,247
22.6,316
24.1,721
19.4,1363
-5.2,159
-0.3,191
4.2,402
20.9,0
33.0,727
12.9,1180
-0.5,110
30.2,1039
7.2,981
1.2,226
33.0,698
28.3,1823
1.1,101
15.7,2499
24.7,1243
28.1,248
0.0,60
-2.1,397
0.5,218
31.6,791
5.9,326
11.8,1440
17.8,2369
14.5,900
26.1,159
20.5,0
3.8,418
8.9,536
25.7,848
7.2,50
23.4,1841
10.0,193
33.6,646
-16.0,60
3.8,677
3.8,317
5.1,122
5.4,461
21.7,247
24.7,1259
19.9,1113
-10.6,126
18.6,1336
32.4,853
-12.7,178
20.9,2329
12.0,486
29.7,628
-7.0,154
22.7,1596
14.7,139
-4.2,29
16.7,941
24.4,393
18.0,1362
30.0,1480
4.6,353
19.7,1173
11.7,581
29.6,1086
21.0,128
